{
  "completed_samples": 350,
  "num_samples_target": 350,
  "float_accuracy": 0.5371428571428571,
  "rtl_accuracy": 0.5457142857142857,
  "float_rtl_agreement": 0.9571428571428572,
  "mean_abs_float_rtl_logit_diff": 0.18016863116552598,
  "float_confusion": [
    [
      26,
      5,
      0,
      0,
      17,
      0,
      2
    ],
    [
      0,
      50,
      0,
      0,
      0,
      0,
      0
    ],
    [
      0,
      0,
      50,
      0,
      0,
      0,
      0
    ],
    [
      21,
      0,
      0,
      4,
      1,
      0,
      24
    ],
    [
      0,
      49,
      0,
      0,
      1,
      0,
      0
    ],
    [
      0,
      0,
      0,
      0,
      0,
      50,
      0
    ],
    [
      39,
      2,
      0,
      1,
      1,
      0,
      7
    ]
  ],
  "rtl_confusion": [
    [
      30,
      2,
      0,
      0,
      16,
      0,
      2
    ],
    [
      0,
      50,
      0,
      0,
      0,
      0,
      0
    ],
    [
      0,
      0,
      50,
      0,
      0,
      0,
      0
    ],
    [
      21,
      0,
      0,
      3,
      1,
      0,
      25
    ],
    [
      0,
      47,
      0,
      0,
      3,
      0,
      0
    ],
    [
      0,
      0,
      0,
      0,
      0,
      50,
      0
    ],
    [
      41,
      1,
      0,
      1,
      2,
      0,
      5
    ]
  ],
  "float_prob_matrix": [
    [
      0.32292431592941284,
      0.18442800641059875,
      0.012346334755420685,
      0.07412758469581604,
      0.22561763226985931,
      0.010518241673707962,
      0.1700378954410553
    ],
    [
      0.003894068533554673,
      0.832061231136322,
      0.0041350205428898335,
      0.0005361157818697393,
      0.1572755128145218,
      0.0009588783141225576,
      0.0011390981962904334
    ],
    [
      0.00029160562553443015,
      0.0010920469649136066,
      0.9964800477027893,
      0.00028814160032197833,
      0.00030915834940969944,
      0.001189161674119532,
      0.0003497737634461373
    ],
    [
      0.33046776056289673,
      0.024551887065172195,
      0.006112990900874138,
      0.23938186466693878,
      0.036897625774145126,
      0.007305916398763657,
      0.3552819788455963
    ],
    [
      0.009332537651062012,
      0.756056010723114,
      0.0030919816344976425,
      0.0012496524723246694,
      0.22590413689613342,
      0.0016632997430860996,
      0.0027024971786886454
    ],
    [
      0.00204339437186718,
      0.0014069888275116682,
      0.0023421531077474356,
      0.01256570965051651,
      0.0011635469272732735,
      0.9757383465766907,
      0.004739892669022083
    ],
    [
      0.4033987522125244,
      0.06861753016710281,
      0.009812392294406891,
      0.13918839395046234,
      0.0989813432097435,
      0.008464897982776165,
      0.2715367376804352
    ]
  ],
  "rtl_prob_matrix": [
    [
      0.34666183590888977,
      0.1596677452325821,
      0.011816376820206642,
      0.07538097351789474,
      0.21678093075752258,
      0.009979825466871262,
      0.17971234023571014
    ],
    [
      0.004386596847325563,
      0.8188183307647705,
      0.0030508560594171286,
      0.0005668531521223485,
      0.17099086940288544,
      0.0009486885974183679,
      0.0012376212980598211
    ],
    [
      0.0011633929098024964,
      0.004692200571298599,
      0.987150251865387,
      0.001058580237440765,
      0.0015224110102280974,
      0.0031208095606416464,
      0.0012922759633511305
    ],
    [
      0.3453212082386017,
      0.021223032847046852,
      0.005712349433451891,
      0.22627666592597961,
      0.03559296950697899,
      0.006276766769587994,
      0.35959702730178833
    ],
    [
      0.01055779680609703,
      0.731301486492157,
      0.0028932278510183096,
      0.0013645164435729384,
      0.2490735799074173,
      0.0017906136345118284,
      0.0030187603551894426
    ],
    [
      0.004363585263490677,
      0.002468857215717435,
      0.0038976443465799093,
      0.025135474279522896,
      0.0020810270216315985,
      0.9518599510192871,
      0.0101932967081666
    ],
    [
      0.4192274808883667,
      0.05915214493870735,
      0.009108048863708973,
      0.13423869013786316,
      0.09441710263490677,
      0.007695728447288275,
      0.2761607766151428
    ]
  ]
}